file_or_field	source_url
logo-tunakula	https://cd.tunakula.com/storage/app/public/restaurant/2024-11-30-674b585cbc0bb.png
cover-tunakula	https://cd.tunakula.com/storage/app/public/restaurant/cover/2024-11-30-674b585cbd673.png
logo-lagrace-cuisine	https://cd.tunakula.com/storage/app/public/restaurant/2025-01-08-677ed76796c39.png
cover-lagrace-cuisine	https://cd.tunakula.com/storage/app/public/restaurant/cover/2025-01-08-677ed76798549.png
logo-malamu	https://cd.tunakula.com/storage/app/public/restaurant/2025-02-07-67a5b5b24dcfd.png
cover-malamu	https://cd.tunakula.com/storage/app/public/restaurant/cover/2025-02-07-67a5b5b24f251.png
logo-bins-restaurant	https://cd.tunakula.com/storage/app/public/restaurant/2025-12-19-694532aa8552e.png
cover-bins-restaurant	https://cd.tunakula.com/storage/app/public/restaurant/cover/2025-02-01-679e00ea8fdf7.png
logo-bigbite	https://cd.tunakula.com/storage/app/public/restaurant/2025-03-25-67e31cea922e3.png
cover-bigbite	https://cd.tunakula.com/storage/app/public/restaurant/cover/2025-03-25-67e31cea9468a.png
logo-j-fast-food	https://cd.tunakula.com/storage/app/public/restaurant/2024-12-07-6754018f262b4.png
cover-j-fast-food	https://cd.tunakula.com/storage/app/public/restaurant/cover/2024-12-07-6754018f28623.png
logo-mehfil	https://cd.tunakula.com/storage/app/public/restaurant/2025-03-02-67c41ad224c74.png
cover-mehfil	https://cd.tunakula.com/storage/app/public/restaurant/cover/2025-03-02-67c41ad226b51.png
logo-tacos-land	https://cd.tunakula.com/storage/app/public/restaurant/2025-04-10-67f8322ddc945.png
cover-tacos-land	https://cd.tunakula.com/storage/app/public/restaurant/cover/2025-04-10-67f8322de00b0.png
logo-rolls-burger-more	https://cd.tunakula.com/storage/app/public/restaurant/2025-03-11-67d0476c58b09.png
cover-rolls-burger-more	https://cd.tunakula.com/storage/app/public/restaurant/cover/2025-03-11-67d0476c5bb20.png
logo-mood	https://cd.tunakula.com/storage/app/public/restaurant/2024-12-18-6762f203408af.png
cover-mood	https://cd.tunakula.com/storage/app/public/restaurant/cover/2024-12-18-6762f20342c29.png
logo-loving-hut	https://cd.tunakula.com/storage/app/public/restaurant/2025-02-24-67bce52d377a9.png
cover-loving-hut	https://cd.tunakula.com/storage/app/public/restaurant/cover/2025-02-24-67bce52d39434.png
logo-jmm-hope-traiteur	https://cd.tunakula.com/storage/app/public/restaurant/2025-03-07-67cb26d5c2bab.png
cover-jmm-hope-traiteur	https://cd.tunakula.com/storage/app/public/restaurant/cover/2025-03-07-67cb26d5c5d81.png
logo-le-balcon-kintambo	https://cd.tunakula.com/storage/app/public/restaurant/2024-12-05-6752007b7a646.png
cover-le-balcon-kintambo	https://cd.tunakula.com/storage/app/public/restaurant/cover/2024-12-05-6752007b7d3bb.png
logo-nickyb-ets	https://cd.tunakula.com/storage/app/public/restaurant/2025-12-06-6934518102219.png
cover-nickyb-ets	https://cd.tunakula.com/storage/app/public/restaurant/cover/2025-12-06-6934518104c23.png
logo-la-treizieme-a-boutique-hotel	https://cd.tunakula.com/storage/app/public/restaurant/2025-01-02-67766bc4edc06.png
cover-la-treizieme-a-boutique-hotel	https://cd.tunakula.com/storage/app/public/restaurant/cover/2025-01-02-67766bc4f02da.png
